-- MySQL dump 10.13  Distrib 8.0.43, for Linux (x86_64)
--
-- Host: localhost    Database: ecommerce_db
-- ------------------------------------------------------
-- Server version	8.0.43-0ubuntu0.22.04.2

/*!40101 SET @OLD_CHARACTER_SET_CLIENT=@@CHARACTER_SET_CLIENT */;
/*!40101 SET @OLD_CHARACTER_SET_RESULTS=@@CHARACTER_SET_RESULTS */;
/*!40101 SET @OLD_COLLATION_CONNECTION=@@COLLATION_CONNECTION */;
/*!50503 SET NAMES utf8mb4 */;
/*!40103 SET @OLD_TIME_ZONE=@@TIME_ZONE */;
/*!40103 SET TIME_ZONE='+00:00' */;
/*!40014 SET @OLD_UNIQUE_CHECKS=@@UNIQUE_CHECKS, UNIQUE_CHECKS=0 */;
/*!40014 SET @OLD_FOREIGN_KEY_CHECKS=@@FOREIGN_KEY_CHECKS, FOREIGN_KEY_CHECKS=0 */;
/*!40101 SET @OLD_SQL_MODE=@@SQL_MODE, SQL_MODE='NO_AUTO_VALUE_ON_ZERO' */;
/*!40111 SET @OLD_SQL_NOTES=@@SQL_NOTES, SQL_NOTES=0 */;

--
-- Table structure for table `categories`
--

DROP TABLE IF EXISTS `categories`;
/*!40101 SET @saved_cs_client     = @@character_set_client */;
/*!50503 SET character_set_client = utf8mb4 */;
CREATE TABLE `categories` (
  `category_id` int NOT NULL AUTO_INCREMENT,
  `category_name` varchar(100) NOT NULL,
  `description` varchar(255) DEFAULT NULL,
  `uploaded_date` timestamp NULL DEFAULT CURRENT_TIMESTAMP,
  PRIMARY KEY (`category_id`)
) ENGINE=InnoDB AUTO_INCREMENT=21 DEFAULT CHARSET=utf8mb4 COLLATE=utf8mb4_0900_ai_ci;
/*!40101 SET character_set_client = @saved_cs_client */;

--
-- Dumping data for table `categories`
--

LOCK TABLES `categories` WRITE;
/*!40000 ALTER TABLE `categories` DISABLE KEYS */;
INSERT INTO `categories` VALUES (1,'Electronics','Smartphones, laptops, TVs, and other electronic gadgets.','2025-10-31 12:49:52'),(2,'Fashion','Men’s and women’s clothing, footwear, and accessories.','2025-10-31 13:03:25'),(3,'Home & Kitchen','Furniture, kitchenware, home decor, and small appliances.','2025-10-31 13:22:42'),(6,'Beauty & Personal Care','Cosmetics, skincare, haircare, and grooming products.','2025-10-31 13:23:23'),(7,'Sports & Fitness','Equipment, activewear, and accessories for all kinds of sports.','2025-10-31 13:23:38'),(8,'Toys & Games','Educational toys, puzzles, board games, and outdoor play items.','2025-10-31 13:23:46'),(9,'Automotive','Car accessories, bike gear, and maintenance tools.','2025-10-31 13:23:54'),(10,'Health & Wellness','Supplements, medical devices, and wellness products.','2025-10-31 13:24:06'),(11,'Jewelry & Watches','Fine jewelry, fashion jewelry, and watches for all occasions.','2025-10-31 13:24:13'),(12,'Groceries','Everyday essentials, packaged food, and beverages.','2025-10-31 13:24:20'),(13,'Office Supplies','Stationery, office furniture, and productivity accessories.','2025-10-31 13:24:30'),(14,'Pet Supplies','Food, toys, and accessories for pets of all kinds.','2025-10-31 13:24:38'),(15,'Music & Instruments','Musical instruments, accessories, and audio equipment.','2025-10-31 13:24:48'),(16,'Gardening','Plants, seeds, tools, and outdoor gardening essentials.','2025-10-31 13:24:58'),(17,'Books & Literature','Novels, educational books, magazines, and e-books.','2025-11-02 04:47:34'),(18,'Travel & Luggage','Suitcases, backpacks, and travel accessories.','2025-11-02 04:47:34'),(19,'Baby Products','Essentials and care items for babies and toddlers.','2025-11-02 04:47:34'),(20,'Art & Crafts','Supplies for painting, drawing, and creative projects.','2025-11-02 04:47:34');
/*!40000 ALTER TABLE `categories` ENABLE KEYS */;
UNLOCK TABLES;

--
-- Table structure for table `products`
--

DROP TABLE IF EXISTS `products`;
/*!40101 SET @saved_cs_client     = @@character_set_client */;
/*!50503 SET character_set_client = utf8mb4 */;
CREATE TABLE `products` (
  `product_id` int NOT NULL AUTO_INCREMENT,
  `product_name` varchar(150) NOT NULL,
  `mrp_price` decimal(10,2) NOT NULL,
  `discount_price` decimal(10,2) DEFAULT NULL,
  `quantity` int DEFAULT '0',
  `category_id` int DEFAULT NULL,
  PRIMARY KEY (`product_id`),
  KEY `category_id` (`category_id`),
  CONSTRAINT `products_ibfk_1` FOREIGN KEY (`category_id`) REFERENCES `categories` (`category_id`) ON DELETE CASCADE
) ENGINE=InnoDB AUTO_INCREMENT=385 DEFAULT CHARSET=utf8mb4 COLLATE=utf8mb4_0900_ai_ci;
/*!40101 SET character_set_client = @saved_cs_client */;

--
-- Dumping data for table `products`
--

LOCK TABLES `products` WRITE;
/*!40000 ALTER TABLE `products` DISABLE KEYS */;
INSERT INTO `products` VALUES (1,'iPhone 15 Pro',149999.00,139999.00,10,1),(2,'Samsung Galaxy S24',99999.00,89999.00,20,1),(3,'MacBook Air M3',129999.00,119999.00,15,1),(4,'Dell XPS 13',115000.00,105000.00,8,1),(5,'Sony Bravia 55-inch TV',85000.00,80000.00,12,1),(6,'Bose QC45 Headphones',32999.00,29999.00,30,1),(7,'Apple Watch Ultra',89999.00,84999.00,25,1),(8,'iPad Pro 12.9',109999.00,99999.00,9,1),(9,'iPad Pro 12.9',109999.00,99999.00,9,1),(10,'HP Pavilion Laptop',75999.00,69999.00,10,1),(11,'HP Pavilion Laptop',75999.00,69999.00,10,1),(12,'OnePlus Buds 3',6999.00,5999.00,50,1),(13,'Canon EOS M50 Camera',61999.00,58999.00,7,1),(14,'Logitech MX Master 3S',9999.00,8999.00,18,1),(15,'Apple AirPods Pro 2',26999.00,24999.00,20,1),(16,'Samsung Galaxy Tab S9',87999.00,82999.00,10,1),(17,'Asus ROG Gaming Laptop',159999.00,149999.00,5,1),(18,'Sony PlayStation 5',58999.00,54999.00,25,1),(19,'Google Pixel 8 Pro',105999.00,99999.00,15,1),(20,'JBL Flip 6 Speaker',8999.00,7499.00,35,1),(21,'Lenovo ThinkPad X1',125999.00,119999.00,6,1),(22,'Apple Mac Mini M2',74999.00,69999.00,10,1),(23,'Nike Air Force 1 Sneakers',8999.00,7499.00,20,2),(24,'Adidas Running T-Shirt',1999.00,1499.00,25,2),(25,'Levi’s 511 Slim Fit Jeans',4999.00,3899.00,18,2),(26,'H&M Cotton Hoodie',2799.00,2199.00,15,2),(27,'Zara Floral Summer Dress',4599.00,3799.00,12,2),(28,'Puma Sports Cap',999.00,749.00,30,2),(29,'Ray-Ban Aviator Sunglasses',7999.00,6999.00,10,2),(30,'Woodland Leather Boots',6499.00,5299.00,14,2),(31,'Allen Solly Formal Shirt',2399.00,1899.00,22,2),(32,'Van Heusen Tie Set',1299.00,999.00,17,2),(33,'Casio Analog Watch',5999.00,4999.00,16,2),(34,'Skechers Walking Shoes',6999.00,5499.00,20,2),(35,'Biba Ethnic Kurta',2999.00,2399.00,18,2),(36,'Louis Philippe Blazer',9999.00,8499.00,8,2),(37,'Fastrack Digital Watch',2799.00,2199.00,25,2),(38,'Max Casual Shorts',1599.00,1199.00,20,2),(39,'Crocs Classic Clogs',3499.00,2899.00,15,2),(40,'Tommy Hilfiger Belt',2499.00,1999.00,18,2),(41,'Allen Cooper Leather Wallet',1599.00,1199.00,25,2),(42,'Forever 21 Crop Top',1299.00,999.00,20,2),(43,'Philips Mixer Grinder 750W',6499.00,5299.00,12,3),(44,'Prestige Electric Kettle 1.5 L',1999.00,1499.00,18,3),(45,'Pigeon Non-Stick Cookware Set',2999.00,2399.00,20,3),(46,'Milton Thermosteel Flask',1399.00,1099.00,30,3),(47,'Cello Dining Chair (Set of 2)',4999.00,4299.00,8,3),(48,'Usha Ceiling Fan 1200 mm',2399.00,1899.00,15,3),(49,'Borosil Glass Storage Jars Set',999.00,799.00,25,3),(50,'Hawkins Pressure Cooker 5 L',3299.00,2799.00,12,3),(51,'Wonderchef Frying Pan 28 cm',2499.00,1999.00,15,3),(52,'Sleepwell Foam Mattress Queen',15999.00,12999.00,6,3),(53,'Havells LED Bulb 9W (Pack of 4)',799.00,599.00,40,3),(54,'Tupperware Lunch Box Set',1199.00,899.00,20,3),(55,'Philips Air Fryer HD9252',9999.00,8499.00,10,3),(56,'Butterfly Gas Stove 4 Burner',7499.00,6399.00,8,3),(57,'Glen Chimney 60 cm',12999.00,10999.00,5,3),(58,'Kurlon Pillow Set of 2',999.00,749.00,30,3),(59,'Cello Water Bottle Set of 4',799.00,599.00,25,3),(60,'Prestige Induction Cooktop 1200W',3299.00,2799.00,14,3),(61,'Godrej Steel Cupboard',17999.00,15999.00,5,3),(62,'La Opala Dinner Set 35 pcs',5999.00,4899.00,10,3),(63,'Samsung Galaxy A55',25000.00,22000.00,50,1),(64,'iPhone 18',130000.00,116000.00,20,1),(65,'LEGO Classic Bricks Set',1499.00,1299.00,25,8),(66,'Barbie Dreamhouse Doll Set',2999.00,2699.00,15,8),(67,'Hot Wheels Track Builder Kit',1899.00,1699.00,30,8),(68,'Uno Card Game',299.00,249.00,50,8),(69,'Jenga Classic Tower Game',999.00,849.00,20,8),(70,'Monopoly Deal Card Game',699.00,599.00,40,8),(71,'Rubik’s Cube 3x3',499.00,399.00,45,8),(72,'Play-Doh 10-Pack Colors',999.00,849.00,25,8),(73,'Remote Control Car',1999.00,1799.00,20,8),(74,'Nerf Elite Dart Blaster',2499.00,2199.00,18,8),(75,'Puzzle 1000 Pieces – Nature Scene',1599.00,1399.00,12,8),(76,'Fisher-Price Baby Blocks Set',799.00,699.00,35,8),(77,'Crayola Art & Craft Set',1299.00,1099.00,22,8),(78,'Outdoor Badminton Set (Kids)',899.00,749.00,28,8),(79,'Remote Control Helicopter',3499.00,3199.00,10,8),(80,'Stuffed Teddy Bear (Large)',1599.00,1399.00,20,8),(81,'Educational Wooden Puzzle Set',1199.00,999.00,30,8),(82,'Chess Board Game',899.00,749.00,25,8),(83,'Foosball Mini Table',2999.00,2699.00,10,8),(84,'Kinetic Sand Kit',999.00,799.00,40,8),(85,'Yonex Badminton Racket',2299.00,1999.00,20,7),(86,'Nivia Football Size 5',1299.00,1099.00,25,7),(87,'Cosco Cricket Bat',1999.00,1799.00,18,7),(88,'Adidas Yoga Mat 6mm',2499.00,2199.00,22,7),(89,'Puma Running Shoes',5999.00,5299.00,15,7),(90,'Resistance Band Set',1499.00,1299.00,30,7),(91,'Decathlon Gym Gloves',899.00,749.00,40,7),(92,'Skipping Rope SpeedPro',499.00,399.00,45,7),(93,'Kettlebell 8 kg',2199.00,1899.00,12,7),(94,'Treadmill Foldable Home',42999.00,38999.00,5,7),(95,'Cricket Ball Set (6)',999.00,849.00,25,7),(96,'Table Tennis Racket Combo',1699.00,1499.00,20,7),(97,'Sports Water Bottle 1 L',699.00,599.00,50,7),(98,'Fitness Smartwatch',6999.00,6499.00,18,7),(99,'Gym Duffel Bag',1999.00,1699.00,25,7),(100,'Knee Support Brace',899.00,749.00,20,7),(101,'Yoga Block Foam Pair',999.00,849.00,25,7),(102,'Cycling Helmet Adult',2599.00,2299.00,15,7),(103,'Sports Sunglasses UV400',1499.00,1299.00,30,7),(104,'Tennis Balls Pack of 3',699.00,599.00,35,7),(105,'L’Oréal Shampoo 1 L',799.00,699.00,25,6),(106,'Dove Moisturizing Lotion',499.00,429.00,30,6),(107,'Maybelline Mascara Waterproof',599.00,549.00,25,6),(108,'Lakmé Lipstick Set',899.00,799.00,20,6),(109,'Neutrogena Face Wash',699.00,599.00,22,6),(110,'Nivea Men Deodorant',349.00,299.00,40,6),(111,'L’Oréal Paris Hair Serum',649.00,549.00,30,6),(112,'Colgate Toothpaste Twin Pack',299.00,249.00,60,6),(113,'Gillette Razor & Blades Combo',999.00,849.00,18,6),(114,'Ponds Bright Beauty Cream',249.00,199.00,45,6),(115,'Himalaya Herbal Shampoo',499.00,449.00,25,6),(116,'Philips Hair Dryer 1200 W',1599.00,1399.00,20,6),(117,'WOW Skin Science Face Serum',699.00,599.00,25,6),(118,'Biotique Sunscreen SPF 50',449.00,399.00,30,6),(119,'Mamaearth Hair Oil 200 ml',599.00,499.00,35,6),(120,'Tresemmé Conditioner 580 ml',699.00,599.00,28,6),(121,'Vaseline Lip Care Set',299.00,249.00,50,6),(122,'L’Oréal Kajal Duo Pack',399.00,349.00,40,6),(123,'Nivea Face Wipes (Pack 25)',299.00,249.00,30,6),(124,'Beardo Beard Oil 30 ml',399.00,349.00,25,6),(125,'Pedigree Adult Dog Food 10kg',2999.00,2699.00,25,14),(126,'Whiskas Cat Food 3kg',1499.00,1299.00,20,14),(127,'Drools Puppy Biscuits 1kg',699.00,599.00,30,14),(128,'Dog Collar with Bell',299.00,249.00,40,14),(129,'Cat Litter 10L Pack',899.00,799.00,25,14),(130,'Bird Cage Medium',2499.00,2199.00,10,14),(131,'Pet Grooming Brush',499.00,399.00,30,14),(132,'Dog Chew Toy Set',599.00,499.00,20,14),(133,'Cat Scratching Post',1599.00,1399.00,15,14),(134,'Fish Food Pellets 500g',499.00,449.00,40,14),(135,'Pet Shampoo 500ml',699.00,599.00,25,14),(136,'Dog Bed Medium',1999.00,1799.00,18,14),(137,'Pet Water Bowl',399.00,349.00,35,14),(138,'Pet Nail Clipper',299.00,249.00,40,14),(139,'Cat Toy Ball Set',399.00,299.00,50,14),(140,'Dog Harness Adjustable',899.00,799.00,20,14),(141,'Pet Travel Carrier',2599.00,2299.00,12,14),(142,'Pet Wipes 80 Sheets',499.00,399.00,30,14),(143,'Flea & Tick Spray 250ml',699.00,599.00,25,14),(144,'Pet Toothbrush Kit',349.00,299.00,40,14),(145,'A4 Paper Ream 500 Sheets',499.00,429.00,60,13),(146,'Ball Pen Set (Pack of 10)',299.00,249.00,100,13),(147,'Office Chair Ergonomic',6999.00,6499.00,10,13),(148,'Desk Organizer Metal',899.00,749.00,25,13),(149,'File Folder (Set of 5)',349.00,299.00,40,13),(150,'Whiteboard 3x2 ft',1499.00,1299.00,20,13),(151,'Printer Paper Tray',999.00,849.00,15,13),(152,'Stapler Heavy Duty',499.00,399.00,35,13),(153,'Sticky Notes (Pack of 12)',249.00,199.00,60,13),(154,'Calculator Casio FX-82',1299.00,1099.00,20,13),(155,'Desk Lamp LED',1999.00,1699.00,18,13),(156,'Paper Clips (Pack of 100)',149.00,99.00,80,13),(157,'Office Desk Wooden',9999.00,8999.00,5,13),(158,'Highlighter Pens (Set of 6)',399.00,299.00,50,13),(159,'Glue Stick (Pack of 5)',299.00,249.00,50,13),(160,'Paper Shredder Small',4999.00,4599.00,8,13),(161,'Notebook Spiral Bound',199.00,149.00,60,13),(162,'Scissors Office Use',249.00,199.00,40,13),(163,'Mouse Pad Gel Wrist Rest',699.00,599.00,25,13),(164,'Pen Stand Multi-Slot',399.00,349.00,30,13),(165,'Tata Tea Gold 1kg',699.00,599.00,40,12),(166,'Aashirvaad Atta 10kg',699.00,649.00,30,12),(167,'Fortune Sunflower Oil 5L',899.00,799.00,25,12),(168,'Kellogg’s Corn Flakes 1kg',599.00,499.00,35,12),(169,'Britannia Good Day Biscuits 1kg',299.00,249.00,50,12),(170,'Maggi Instant Noodles 12 Pack',199.00,179.00,60,12),(171,'Amul Butter 500g',299.00,249.00,50,12),(172,'Nestlé Milk Powder 1kg',749.00,699.00,30,12),(173,'Tata Salt 1kg',30.00,25.00,100,12),(174,'MDH Masala Combo Pack',399.00,349.00,40,12),(175,'Red Label Tea 1kg',699.00,599.00,35,12),(176,'Parle-G Biscuits 1kg',299.00,249.00,80,12),(177,'Sunfeast Pasta Pack',199.00,149.00,60,12),(178,'Dabur Honey 1kg',499.00,449.00,40,12),(179,'India Gate Basmati Rice 5kg',999.00,899.00,25,12),(180,'Haldiram’s Namkeen 1kg',399.00,349.00,50,12),(181,'Everest Garam Masala 100g',99.00,79.00,70,12),(182,'Mother Dairy Ghee 1L',699.00,649.00,30,12),(183,'Pepsi 2L Bottle',149.00,129.00,45,12),(184,'Lays Potato Chips 100g',40.00,35.00,90,12),(185,'Gold-Plated Necklace Set',2999.00,2699.00,20,11),(186,'Silver Earrings Pair',1499.00,1299.00,25,11),(187,'Titan Wrist Watch Men',5999.00,5499.00,15,11),(188,'Fossil Women’s Watch',8999.00,8499.00,10,11),(189,'Bracelet Rose Gold',1999.00,1799.00,18,11),(190,'Anklet Set Silver',799.00,699.00,30,11),(191,'Pearl Necklace Classic',3499.00,3199.00,12,11),(192,'Ring Adjustable Design',999.00,849.00,25,11),(193,'Casio Digital Watch',2999.00,2699.00,20,11),(194,'Diamond Stud Earrings',9999.00,9499.00,8,11),(195,'Jewelry Box Organizer',1499.00,1299.00,25,11),(196,'Men’s Chain Silver',1999.00,1799.00,20,11),(197,'Women’s Bracelet Set',2499.00,2199.00,18,11),(198,'Smartwatch Hybrid',7999.00,7499.00,15,11),(199,'Watch Strap Leather',999.00,849.00,30,11),(200,'Ring Box Velvet',399.00,299.00,40,11),(201,'Gold Bangles Set',15999.00,14999.00,6,11),(202,'Earring Stand Holder',899.00,749.00,30,11),(203,'Silver Toe Rings Pair',599.00,499.00,25,11),(204,'Bracelet Men’s Steel',1299.00,1099.00,25,11),(205,'Revital H Capsules 30s',399.00,349.00,30,10),(206,'Dettol Hand Sanitizer 500ml',299.00,249.00,50,10),(207,'Dr. Trust BP Monitor',1999.00,1799.00,20,10),(208,'Omron Thermometer',699.00,599.00,25,10),(209,'Accu-Chek Glucometer',2499.00,2299.00,15,10),(210,'Himalaya Ashwagandha Tablets',349.00,299.00,40,10),(211,'Dabur Chyawanprash 1kg',399.00,349.00,35,10),(212,'Ensure Nutrition Drink 1kg',849.00,749.00,25,10),(213,'Oximeter Fingertip',1299.00,1099.00,25,10),(214,'Dettol Antiseptic Liquid 1L',349.00,299.00,45,10),(215,'Volini Pain Relief Spray',299.00,249.00,50,10),(216,'Protein Powder Whey 1kg',2499.00,2199.00,18,10),(217,'Sugar-Free Tablets 100s',199.00,149.00,60,10),(218,'Ayurvedic Cough Syrup 200ml',149.00,129.00,45,10),(219,'Neck Massager Electric',2999.00,2699.00,10,10),(220,'First Aid Kit Basic',499.00,449.00,30,10),(221,'Steam Inhaler',799.00,699.00,25,10),(222,'Hot Water Bag Rubber',299.00,249.00,35,10),(223,'Orthopedic Pillow',2499.00,2199.00,12,10),(224,'BP Machine Manual',1699.00,1499.00,15,10),(225,'Car Shampoo 1L',499.00,399.00,30,9),(226,'Bike Helmet Full Face',2499.00,2199.00,20,9),(227,'Car Seat Cover Set',5999.00,5499.00,12,9),(228,'Tyre Inflator Portable',1999.00,1799.00,18,9),(229,'Car Perfume Bottle',499.00,399.00,35,9),(230,'Car Vacuum Cleaner',2999.00,2699.00,15,9),(231,'Bike Cover Waterproof',899.00,749.00,25,9),(232,'Car Floor Mats Set',1999.00,1799.00,20,9),(233,'LED Headlight Bulb Pair',1499.00,1299.00,30,9),(234,'Car Wash Sponge Pack',299.00,249.00,50,9),(235,'Motor Oil 1L',699.00,599.00,40,9),(236,'Tire Pressure Gauge',499.00,399.00,35,9),(237,'Car Wax Polish',599.00,499.00,25,9),(238,'Bike Gloves Set',799.00,699.00,25,9),(239,'Car Phone Holder',999.00,849.00,30,9),(240,'Windshield Cleaner 500ml',399.00,349.00,40,9),(241,'Car Jack Hydraulic',2999.00,2699.00,10,9),(242,'Motorbike Chain Lubricant',499.00,449.00,35,9),(243,'Car Microfiber Cloth Pack',299.00,249.00,60,9),(244,'GPS Tracker Device',1999.00,1799.00,18,9),(245,'Gold-Plated Necklace Set',2999.00,2699.00,20,11),(246,'Silver Earrings Pair',1499.00,1299.00,25,11),(247,'Titan Men’s Watch',5999.00,5499.00,15,11),(248,'Fossil Women’s Watch',8999.00,8499.00,10,11),(249,'Bracelet Rose Gold Finish',1999.00,1799.00,18,11),(250,'Anklet Silver Set',799.00,699.00,30,11),(251,'Pearl Necklace Classic',3499.00,3199.00,12,11),(252,'Ring Adjustable Design',999.00,849.00,25,11),(253,'Casio Digital Watch',2999.00,2699.00,20,11),(254,'Diamond Stud Earrings',9999.00,9499.00,8,11),(255,'Jewelry Organizer Box',1499.00,1299.00,25,11),(256,'Men’s Chain Silver',1999.00,1799.00,20,11),(257,'Women’s Bracelet Set',2499.00,2199.00,18,11),(258,'Smartwatch Hybrid',7999.00,7499.00,15,11),(259,'Watch Strap Leather',999.00,849.00,30,11),(260,'Ring Box Velvet',399.00,299.00,40,11),(261,'Gold Bangles Set',15999.00,14999.00,6,11),(262,'Earring Display Stand',899.00,749.00,30,11),(263,'Silver Toe Rings Pair',599.00,499.00,25,11),(264,'Bracelet Men’s Steel',1299.00,1099.00,25,11),(265,'Acrylic Paint Set 24 Colors',999.00,849.00,40,17),(266,'Canvas Board 12x16 inch',499.00,399.00,50,17),(267,'Sketchbook A4 Size',299.00,249.00,60,17),(268,'Oil Pastels 48 Shades',699.00,599.00,35,17),(269,'Paint Brushes Set of 10',399.00,299.00,45,17),(270,'Glue Gun with Sticks',999.00,849.00,25,17),(271,'Craft Paper Pack (100 Sheets)',249.00,199.00,80,17),(272,'Watercolor Set 36 Shades',899.00,799.00,30,17),(273,'Easel Stand Wooden',1999.00,1799.00,15,17),(274,'Crayons 64 Shades',499.00,399.00,55,17),(275,'Drawing Pencils Set HB to 8B',399.00,299.00,50,17),(276,'Glitter Tubes 12 Pack',349.00,299.00,60,17),(277,'Calligraphy Pen Set',899.00,749.00,25,17),(278,'Craft Scissors Set',499.00,399.00,35,17),(279,'Origami Paper 100 Sheets',299.00,249.00,70,17),(280,'Fevicryl Fabric Colors',799.00,699.00,30,17),(281,'Resin Art Kit',1999.00,1799.00,18,17),(282,'Beads & Thread Kit',599.00,499.00,40,17),(283,'DIY Candle Making Kit',1499.00,1299.00,20,17),(284,'Embroidery Hoop Set',699.00,599.00,35,17),(285,'Huggies Diapers Pack L 60s',999.00,899.00,50,18),(286,'Johnson’s Baby Lotion 500ml',349.00,299.00,40,18),(287,'Baby Wipes 80 Sheets',249.00,199.00,60,18),(288,'Baby Shampoo 200ml',299.00,249.00,45,18),(289,'Feeding Bottle 250ml',399.00,349.00,35,18),(290,'Baby Blanket Soft Cotton',899.00,799.00,20,18),(291,'Pacifier Set of 2',299.00,249.00,30,18),(292,'Baby Rattle Toy Set',499.00,399.00,40,18),(293,'Infant Cap & Mittens Set',599.00,499.00,30,18),(294,'Baby Nail Cutter',199.00,149.00,60,18),(295,'Baby Walker Adjustable',2999.00,2699.00,15,18),(296,'Teething Ring Pack',249.00,199.00,50,18),(297,'Baby Body Wash 500ml',349.00,299.00,35,18),(298,'Cotton Romper 3-Pack',999.00,899.00,25,18),(299,'Baby Booties Woolen',499.00,399.00,30,18),(300,'Feeding Pillow',1499.00,1299.00,20,18),(301,'Baby Mosquito Net',899.00,799.00,25,18),(302,'Soft Bath Towel',699.00,599.00,40,18),(303,'Baby Oil 200ml',299.00,249.00,45,18),(304,'Baby Cotton Bib Set',399.00,349.00,35,18),(305,'American Tourister Suitcase 28\"',7999.00,7499.00,15,19),(306,'Skybags Backpack 35L',2999.00,2699.00,25,19),(307,'VIP Cabin Bag',5999.00,5499.00,18,19),(308,'Travel Neck Pillow',999.00,849.00,40,19),(309,'Passport Holder Leather',799.00,699.00,30,19),(310,'Trolley Bag 24 Inch',6999.00,6499.00,12,19),(311,'Duffle Bag Polyester',2499.00,2199.00,25,19),(312,'Packing Cubes Set of 6',1499.00,1299.00,20,19),(313,'Toiletry Kit Organizer',999.00,849.00,35,19),(314,'Laptop Backpack 20L',2999.00,2699.00,25,19),(315,'Luggage Lock Set',499.00,399.00,50,19),(316,'Umbrella Compact',699.00,599.00,40,19),(317,'Travel Shoe Bag',599.00,499.00,30,19),(318,'Rolling Duffel Bag',3999.00,3699.00,15,19),(319,'Cabin Suitcase Hard Shell',4999.00,4599.00,20,19),(320,'Backpack Rain Cover',499.00,399.00,45,19),(321,'Trolley Bag Tag Set',299.00,249.00,60,19),(322,'Foldable Travel Bag',999.00,849.00,35,19),(323,'Power Bank 10000 mAh',1999.00,1799.00,30,19),(324,'Portable Luggage Scale',799.00,699.00,40,19),(325,'The Alchemist by Paulo Coelho',499.00,399.00,40,20),(326,'Harry Potter Box Set',4999.00,4499.00,10,20),(327,'Rich Dad Poor Dad',399.00,349.00,45,20),(328,'The Power of Habit',599.00,499.00,30,20),(329,'Atomic Habits by James Clear',699.00,599.00,35,20),(330,'Wings of Fire by A.P.J Abdul Kalam',399.00,349.00,40,20),(331,'To Kill a Mockingbird',499.00,399.00,30,20),(332,'Ikigai – Japanese Secret to Long Life',499.00,399.00,25,20),(333,'Think Like a Monk',699.00,599.00,30,20),(334,'The Psychology of Money',499.00,449.00,35,20),(335,'Sapiens by Yuval Noah Harari',799.00,699.00,25,20),(336,'Children’s Fairy Tales Collection',999.00,849.00,20,20),(337,'Educational Workbook Class 5',299.00,249.00,60,20),(338,'Comic Book Set (Marvel)',1499.00,1299.00,20,20),(339,'Magazine Monthly Pack',399.00,299.00,50,20),(340,'Dictionary Oxford Mini',299.00,249.00,45,20),(341,'Biography – Steve Jobs',599.00,499.00,25,20),(342,'Poetry Collection – Rumi',499.00,399.00,30,20),(343,'Short Stories Indian Authors',399.00,349.00,35,20),(344,'Children Learning Board Book Set',699.00,599.00,30,20),(345,'Plant Pot Ceramic Small',499.00,399.00,40,16),(346,'Organic Fertilizer 5kg',899.00,799.00,30,16),(347,'Gardening Tool Kit 5 Piece',1499.00,1299.00,25,16),(348,'Watering Can 5L',699.00,599.00,35,16),(349,'Indoor Plant Snake Plant',999.00,849.00,20,16),(350,'Outdoor Plant Hibiscus',499.00,399.00,25,16),(351,'Cocopeat Brick 5kg',599.00,499.00,35,16),(352,'Garden Gloves Pair',299.00,249.00,50,16),(353,'Plant Stand Metal 3 Tier',1999.00,1799.00,15,16),(354,'Flower Seeds Pack of 10',299.00,249.00,60,16),(355,'Water Sprayer 1L',399.00,349.00,40,16),(356,'Compost Bin 20L',1299.00,1099.00,18,16),(357,'Mini Shovel & Rake Set',499.00,399.00,45,16),(358,'Hanging Planter Set',999.00,899.00,25,16),(359,'Terracotta Pot Set of 4',899.00,799.00,30,16),(360,'Organic Manure 10kg',1199.00,999.00,22,16),(361,'Plant Labels Pack 50',249.00,199.00,70,16),(362,'Garden Hose 15m',1499.00,1299.00,20,16),(363,'Leaf Rake Steel',999.00,849.00,25,16),(364,'Pruning Shears',699.00,599.00,30,16),(365,'Acoustic Guitar Yamaha F310',9999.00,9499.00,10,15),(366,'Keyboard Casio CTK-3500',8999.00,8499.00,12,15),(367,'Tabla Set Premium',7999.00,7499.00,8,15),(368,'Violin Student Kit',6999.00,6599.00,10,15),(369,'Drum Sticks Pair',499.00,399.00,40,15),(370,'Microphone Wired Shure SM58',6999.00,6499.00,15,15),(371,'Guitar Strings Set',599.00,499.00,50,15),(372,'Harmonica 24 Holes',999.00,849.00,30,15),(373,'Electric Guitar Fender Squier',24999.00,23999.00,5,15),(374,'Ukulele Mahogany',3999.00,3699.00,18,15),(375,'Keyboard Stand Adjustable',2999.00,2699.00,20,15),(376,'Guitar Capo',499.00,399.00,35,15),(377,'Violin Bow Fiber',1299.00,1099.00,25,15),(378,'Drum Practice Pad',899.00,749.00,30,15),(379,'Music Stand Foldable',1599.00,1399.00,20,15),(380,'Metronome Mechanical',2499.00,2199.00,15,15),(381,'Flute Bamboo Medium',999.00,849.00,25,15),(382,'Headphones Studio Monitor',5999.00,5499.00,18,15),(383,'Guitar Tuner Digital',999.00,849.00,30,15),(384,'Piano Pedal Sustain',1499.00,1299.00,20,15);
/*!40000 ALTER TABLE `products` ENABLE KEYS */;
UNLOCK TABLES;

--
-- Table structure for table `users`
--

DROP TABLE IF EXISTS `users`;
/*!40101 SET @saved_cs_client     = @@character_set_client */;
/*!50503 SET character_set_client = utf8mb4 */;
CREATE TABLE `users` (
  `user_id` int NOT NULL AUTO_INCREMENT,
  `first_name` varchar(100) NOT NULL,
  `last_name` varchar(100) DEFAULT NULL,
  `email` varchar(150) NOT NULL,
  `password` varchar(255) NOT NULL,
  PRIMARY KEY (`user_id`),
  UNIQUE KEY `email` (`email`)
) ENGINE=InnoDB AUTO_INCREMENT=7 DEFAULT CHARSET=utf8mb4 COLLATE=utf8mb4_0900_ai_ci;
/*!40101 SET character_set_client = @saved_cs_client */;

--
-- Dumping data for table `users`
--

LOCK TABLES `users` WRITE;
/*!40000 ALTER TABLE `users` DISABLE KEYS */;
INSERT INTO `users` VALUES (1,'Harithaa','T','harithaa@gmail.com','$2a$10$fGEN.uHdbLnZ6PA672e.luuhbufCAtdj4WndDHl766KoHawdsgwce'),(2,'John','Doe','john.doe','$2a$10$x8BDBhKga.pTsqEf3nekVuL6U4TqVAa2CU1wRV7bzVM/fVwZoIloa'),(3,'Harithaa','Kumar','haritha@example.com','$2b$10$AXxX7bqCQ35VEZzfnTjaD.2R33RjPrrri3YEe.keKmsV8xN1Uzkgm'),(4,'Harithaa','Kumar','harithaa@example.com','$2b$10$j6fJY./PkfIN.YaZ7IkaHONI97d4fcN5W015.Qm8GMlW1U6U9haQa'),(5,'Inika ','T','inikarati12@gmail.com','$2b$10$HL11WnT05j49yfSwu0dRp.so.RU4/z/hUC3cDCkQHsbXlugDlfltu'),(6,'Jayanthi','T','jayanthi@gmail.com','$2b$10$XhNVKrVVEbUorI7jAgsVUuRC19uA9X0E5xuy9vYio8uGIA2Tmlxd.');
/*!40000 ALTER TABLE `users` ENABLE KEYS */;
UNLOCK TABLES;
/*!40103 SET TIME_ZONE=@OLD_TIME_ZONE */;

/*!40101 SET SQL_MODE=@OLD_SQL_MODE */;
/*!40014 SET FOREIGN_KEY_CHECKS=@OLD_FOREIGN_KEY_CHECKS */;
/*!40014 SET UNIQUE_CHECKS=@OLD_UNIQUE_CHECKS */;
/*!40101 SET CHARACTER_SET_CLIENT=@OLD_CHARACTER_SET_CLIENT */;
/*!40101 SET CHARACTER_SET_RESULTS=@OLD_CHARACTER_SET_RESULTS */;
/*!40101 SET COLLATION_CONNECTION=@OLD_COLLATION_CONNECTION */;
/*!40111 SET SQL_NOTES=@OLD_SQL_NOTES */;

-- Dump completed on 2025-11-05 17:28:52
